﻿<addon id="repository.repodawg" name="RepoDawg Repository" version="1.0.23" provider-name="RepoDawg">
  <requires>
    <import addon="xbmc.python" version="1.0.23"/>
  </requires>
  <extension point="xbmc.addon.repository" name="RepoDawg">
    <info compressed="false">https://jason247g.github.io/RepoDawg/zips/addons.xml</info>
    <checksum>https://jason247g.github.io/RepoDawg/zips/addons.xml.md5</checksum>
    <datadir zip="true">https://jason247g.github.io/RepoDawg/zips/</datadir>
  </extension>
  <extension point="xbmc.addon.metadata">
    <summary>RepoDawg</summary>
    <description>RepoDawg add-on repository</description>
    <platform>all</platform>
  </extension>
</addon>
