<?xml version="1.0" encoding="UTF-8" standalone="yes"?>
<addon id="repository.repodawg"
       name="RepoDawg Repository"
       version="1.0.24"
       provider-name="RepoDawg">

  <requires>
    <import addon="xbmc.python" version="3.0.0"/>
  </requires>

  <extension point="xbmc.addon.repository" name="RepoDawg">
    <dir>
      <info compressed="false">https://jason247g.github.io/RepoDawg/zips/addons.xml</info>
      <checksum>https://jason247g.github.io/RepoDawg/zips/addons.xml.md5</checksum>
      <datadir zip="true">https://jason247g.github.io/RepoDawg/zips/</datadir>
    </dir>
  </extension>

  <extension point="xbmc.addon.metadata">
    <summary>RepoDawg Repository</summary>
    <description>Custom RepoDawg add-on repository</description>
    <platform>all</platform>
  </extension>

</addon>

