<addon id="repository.repodawg" name="RepoDawg Repository" version="1.0.16" provider-name="RepoDawg">
  <requires>
    <import addon="xbmc.python" version="3.0.0" />
  </requires>
  <extension point="xbmc.addon.repository" name="RepoDawg">
    <info compressed="false">https://raw.githubusercontent.com/jason247g/RepoDawg/master/zips/addons.xml</info>
    <checksum>https://raw.githubusercontent.com/jason247g/RepoDawg/master/zips/addons.xml.md5</checksum>
    <datadir zip="true">https://raw.githubusercontent.com/jason247g/RepoDawg/master/zips/</datadir>
  </extension>
  <extension point="xbmc.addon.metadata">
    <summary>RepoDawg</summary>
    <description>RepoDawg add-on repository</description>
    <platform>all</platform>
  </extension>
</addon>
