<?xml version="1.0" encoding="UTF-8"?>
<addon id="repository.RepoDawg" name="RepoDawg" version="1.0.0" provider-name="Dawgfather">
  <extension point="xbmc.addon.repository" name="RepoDawg">
    <info compressed="false">https://jason247g.github.io/RepoDawg/addons.xml</info>
    <checksum>https://jason247g.github.io/RepoDawg/addons.xml.md5</checksum>
    <datadir zip="true">https://jason247g.github.io/RepoDawg/addons/</datadir>
  </extension>
  <extension point="xbmc.addon.metadata">
    <summary>Dawgfather’s Kodi Repository</summary>
    <description>The official Dawgfather repository for Kodi add-ons.</description>
    <platform>all</platform>
    <language>en</language>
  </extension>
</addon>
